zip,Zipcode name,City,State,County Name
97810,"ADAMS, OR",ADAMS,OR,UMATILLA
97901,"ADRIAN, OR",ADRIAN,OR,MALHEUR
97406,"AGNESS, OR",AGNESS,OR,CURRY
97321,"ALBANY, OR",ALBANY,OR,LINN
97322,"ALBANY, OR",ALBANY,OR,LINN
97407,"ALLEGANY, OR",ALLEGANY,OR,COOS
97324,"ALSEA, OR",ALSEA,OR,BENTON
97409,"ALVADORE, OR",ALVADORE,OR,LANE
97101,"AMITY, OR",AMITY,OR,YAMHILL
97001,"ANTELOPE, OR",ANTELOPE,OR,WASCO
97102,"ARCH CAPE, OR",ARCH CAPE,OR,CLATSOP
97812,"ARLINGTON, OR",ARLINGTON,OR,GILLIAM
97520,"ASHLAND, OR",ASHLAND,OR,JACKSON
97103,"ASTORIA, OR",ASTORIA,OR,CLATSOP
97813,"ATHENA, OR",ATHENA,OR,UMATILLA
97325,"AUMSVILLE, OR",AUMSVILLE,OR,MARION
97002,"AURORA, OR",AURORA,OR,MARION
97410,"AZALEA, OR",AZALEA,OR,DOUGLAS
97814,"BAKER CITY, OR",BAKER CITY,OR,BAKER
97411,"BANDON, OR",BANDON,OR,COOS
97106,"BANKS, OR",BANKS,OR,WASHINGTON
97817,"BATES, OR",BATES,OR,GRANT
97107,"BAY CITY, OR",BAY CITY,OR,TILLAMOOK
97621,"BEATTY, OR",BEATTY,OR,KLAMATH
97108,"BEAVER, OR",BEAVER,OR,TILLAMOOK
97004,"BEAVERCREEK, OR",BEAVERCREEK,OR,CLACKAMAS
97003,"BEAVERTON, OR",BEAVERTON,OR,WASHINGTON
97005,"BEAVERTON, OR",BEAVERTON,OR,WASHINGTON
97006,"BEAVERTON, OR",BEAVERTON,OR,WASHINGTON
97007,"BEAVERTON, OR",BEAVERTON,OR,WASHINGTON
97008,"BEAVERTON, OR",BEAVERTON,OR,WASHINGTON
97075,"BEAVERTON, OR",BEAVERTON,OR,WASHINGTON
97076,"BEAVERTON, OR",BEAVERTON,OR,WASHINGTON
97077,"BEAVERTON, OR",BEAVERTON,OR,WASHINGTON
97078,"BEAVERTON, OR",BEAVERTON,OR,WASHINGTON
97701,"BEND, OR",BEND,OR,DESCHUTES
97702,"BEND, OR",BEND,OR,DESCHUTES
97707,"BEND, OR",BEND,OR,DESCHUTES
97708,"BEND, OR",BEND,OR,DESCHUTES
97709,"BEND, OR",BEND,OR,DESCHUTES
97412,"BLACHLY, OR",BLACHLY,OR,LANE
97326,"BLODGETT, OR",BLODGETT,OR,BENTON
97413,"BLUE RIVER, OR",BLUE RIVER,OR,LANE
97622,"BLY, OR",BLY,OR,KLAMATH
97818,"BOARDMAN, OR",BOARDMAN,OR,MORROW
97623,"BONANZA, OR",BONANZA,OR,KLAMATH
97009,"BORING, OR",BORING,OR,CLACKAMAS
97010,"BRIDAL VEIL, OR",BRIDAL VEIL,OR,MULTNOMAH
97819,"BRIDGEPORT, OR",BRIDGEPORT,OR,BAKER
97011,"BRIGHTWOOD, OR",BRIGHTWOOD,OR,CLACKAMAS
97414,"BROADBENT, OR",BROADBENT,OR,COOS
97903,"BROGAN, OR",BROGAN,OR,MALHEUR
97415,"BROOKINGS, OR",BROOKINGS,OR,CURRY
97327,"BROWNSVILLE, OR",BROWNSVILLE,OR,LINN
97720,"BURNS, OR",BURNS,OR,HARNEY
97522,"BUTTE FALLS, OR",BUTTE FALLS,OR,JACKSON
97109,"BUXTON, OR",BUXTON,OR,WASHINGTON
97416,"CAMAS VALLEY, OR",CAMAS VALLEY,OR,DOUGLAS
97730,"CAMP SHERMAN, OR",CAMP SHERMAN,OR,JEFFERSON
97013,"CANBY, OR",CANBY,OR,CLACKAMAS
97110,"CANNON BEACH, OR",CANNON BEACH,OR,CLATSOP
97820,"CANYON CITY, OR",CANYON CITY,OR,GRANT
97417,"CANYONVILLE, OR",CANYONVILLE,OR,DOUGLAS
97111,"CARLTON, OR",CARLTON,OR,YAMHILL
97014,"CASCADE LOCKS, OR",CASCADE LOCKS,OR,HOOD RIVER
97329,"CASCADIA, OR",CASCADIA,OR,LINN
97523,"CAVE JUNCTION, OR",CAVE JUNCTION,OR,JOSEPHINE
97502,"CENTRAL POINT, OR",CENTRAL POINT,OR,JACKSON
97731,"CHEMULT, OR",CHEMULT,OR,KLAMATH
97419,"CHESHIRE, OR",CHESHIRE,OR,LANE
97624,"CHILOQUIN, OR",CHILOQUIN,OR,KLAMATH
97641,"CHRISTMAS VALLEY, OR",CHRISTMAS VALLEY,OR,LAKE
97015,"CLACKAMAS, OR",CLACKAMAS,OR,CLACKAMAS
97016,"CLATSKANIE, OR",CLATSKANIE,OR,COLUMBIA
97112,"CLOVERDALE, OR",CLOVERDALE,OR,TILLAMOOK
97017,"COLTON, OR",COLTON,OR,CLACKAMAS
97018,"COLUMBIA CITY, OR",COLUMBIA CITY,OR,COLUMBIA
97823,"CONDON, OR",CONDON,OR,GILLIAM
97420,"COOS BAY, OR",COOS BAY,OR,COOS
97423,"COQUILLE, OR",COQUILLE,OR,COOS
97019,"CORBETT, OR",CORBETT,OR,MULTNOMAH
97113,"CORNELIUS, OR",CORNELIUS,OR,WASHINGTON
97330,"CORVALLIS, OR",CORVALLIS,OR,BENTON
97331,"CORVALLIS, OR",CORVALLIS,OR,BENTON
97333,"CORVALLIS, OR",CORVALLIS,OR,BENTON
97339,"CORVALLIS, OR",CORVALLIS,OR,BENTON
97424,"COTTAGE GROVE, OR",COTTAGE GROVE,OR,LANE
97824,"COVE, OR",COVE,OR,UNION
97335,"CRABTREE, OR",CRABTREE,OR,LINN
97732,"CRANE, OR",CRANE,OR,HARNEY
97604,"CRATER LAKE, OR",CRATER LAKE,OR,KLAMATH
97336,"CRAWFORDSVILLE, OR",CRAWFORDSVILLE,OR,LINN
97733,"CRESCENT, OR",CRESCENT,OR,KLAMATH
97426,"CRESWELL, OR",CRESWELL,OR,LANE
97734,"CULVER, OR",CULVER,OR,JEFFERSON
97625,"DAIRY, OR",DAIRY,OR,KLAMATH
97338,"DALLAS, OR",DALLAS,OR,POLK
97089,"DAMASCUS, OR",DAMASCUS,OR,CLACKAMAS
97429,"DAYS CREEK, OR",DAYS CREEK,OR,DOUGLAS
97114,"DAYTON, OR",DAYTON,OR,YAMHILL
97825,"DAYVILLE, OR",DAYVILLE,OR,GRANT
97430,"DEADWOOD, OR",DEADWOOD,OR,LANE
97054,"DEER ISLAND, OR",DEER ISLAND,OR,COLUMBIA
97341,"DEPOE BAY, OR",DEPOE BAY,OR,LINCOLN
97342,"DETROIT, OR",DETROIT,OR,MARION
97431,"DEXTER, OR",DEXTER,OR,LANE
97722,"DIAMOND, OR",DIAMOND,OR,HARNEY
97432,"DILLARD, OR",DILLARD,OR,DOUGLAS
97020,"DONALD, OR",DONALD,OR,MARION
97434,"DORENA, OR",DORENA,OR,LANE
97435,"DRAIN, OR",DRAIN,OR,DOUGLAS
97904,"DREWSEY, OR",DREWSEY,OR,HARNEY
97021,"DUFUR, OR",DUFUR,OR,WASCO
97115,"DUNDEE, OR",DUNDEE,OR,YAMHILL
97905,"DURKEE, OR",DURKEE,OR,BAKER
97022,"EAGLE CREEK, OR",EAGLE CREEK,OR,CLACKAMAS
97524,"EAGLE POINT, OR",EAGLE POINT,OR,JACKSON
97826,"ECHO, OR",ECHO,OR,UMATILLA
97343,"EDDYVILLE, OR",EDDYVILLE,OR,LINCOLN
97827,"ELGIN, OR",ELGIN,OR,UNION
97436,"ELKTON, OR",ELKTON,OR,DOUGLAS
97437,"ELMIRA, OR",ELMIRA,OR,LANE
97828,"ENTERPRISE, OR",ENTERPRISE,OR,WALLOWA
97023,"ESTACADA, OR",ESTACADA,OR,CLACKAMAS
97401,"EUGENE, OR",EUGENE,OR,LANE
97402,"EUGENE, OR",EUGENE,OR,LANE
97403,"EUGENE, OR",EUGENE,OR,LANE
97404,"EUGENE, OR",EUGENE,OR,LANE
97405,"EUGENE, OR",EUGENE,OR,LANE
97408,"EUGENE, OR",EUGENE,OR,LANE
97440,"EUGENE, OR",EUGENE,OR,LANE
97024,"FAIRVIEW, OR",FAIRVIEW,OR,MULTNOMAH
97438,"FALL CREEK, OR",FALL CREEK,OR,LANE
97344,"FALLS CITY, OR",FALLS CITY,OR,POLK
97710,"FIELDS, OR",FIELDS,OR,HARNEY
97439,"FLORENCE, OR",FLORENCE,OR,LANE
97116,"FOREST GROVE, OR",FOREST GROVE,OR,WASHINGTON
97626,"FORT KLAMATH, OR",FORT KLAMATH,OR,KLAMATH
97735,"FORT ROCK, OR",FORT ROCK,OR,LAKE
97830,"FOSSIL, OR",FOSSIL,OR,WHEELER
97345,"FOSTER, OR",FOSTER,OR,LINN
97736,"FRENCHGLEN, OR",FRENCHGLEN,OR,HARNEY
97117,"GALES CREEK, OR",GALES CREEK,OR,WASHINGTON
97441,"GARDINER, OR",GARDINER,OR,DOUGLAS
97118,"GARIBALDI, OR",GARIBALDI,OR,TILLAMOOK
97119,"GASTON, OR",GASTON,OR,WASHINGTON
97346,"GATES, OR",GATES,OR,MARION
97026,"GERVAIS, OR",GERVAIS,OR,MARION
97737,"GILCHRIST, OR",GILCHRIST,OR,KLAMATH
97027,"GLADSTONE, OR",GLADSTONE,OR,CLACKAMAS
97442,"GLENDALE, OR",GLENDALE,OR,DOUGLAS
97388,"GLENEDEN BEACH, OR",GLENEDEN BEACH,OR,LINCOLN
97443,"GLIDE, OR",GLIDE,OR,DOUGLAS
97444,"GOLD BEACH, OR",GOLD BEACH,OR,CURRY
97525,"GOLD HILL, OR",GOLD HILL,OR,JACKSON
97028,"GOVERNMENT CAMP, OR",GOVERNMENT CAMP,OR,CLACKAMAS
97347,"GRAND RONDE, OR",GRAND RONDE,OR,POLK
97526,"GRANTS PASS, OR",GRANTS PASS,OR,JOSEPHINE
97527,"GRANTS PASS, OR",GRANTS PASS,OR,JOSEPHINE
97528,"GRANTS PASS, OR",GRANTS PASS,OR,JOSEPHINE
97029,"GRASS VALLEY, OR",GRASS VALLEY,OR,SHERMAN
97030,"GRESHAM, OR",GRESHAM,OR,MULTNOMAH
97080,"GRESHAM, OR",GRESHAM,OR,MULTNOMAH
97833,"HAINES, OR",HAINES,OR,BAKER
97834,"HALFWAY, OR",HALFWAY,OR,BAKER
97348,"HALSEY, OR",HALSEY,OR,LINN
97121,"HAMMOND, OR",HAMMOND,OR,CLATSOP
97086,"HAPPY VALLEY, OR",HAPPY VALLEY,OR,CLACKAMAS
97446,"HARRISBURG, OR",HARRISBURG,OR,LINN
97122,"HEBO, OR",HEBO,OR,TILLAMOOK
97835,"HELIX, OR",HELIX,OR,UMATILLA
97836,"HEPPNER, OR",HEPPNER,OR,MORROW
97837,"HEREFORD, OR",HEREFORD,OR,BAKER
97838,"HERMISTON, OR",HERMISTON,OR,UMATILLA
97123,"HILLSBORO, OR",HILLSBORO,OR,WASHINGTON
97124,"HILLSBORO, OR",HILLSBORO,OR,WASHINGTON
97738,"HINES, OR",HINES,OR,HARNEY
97031,"HOOD RIVER, OR",HOOD RIVER,OR,HOOD RIVER
97032,"HUBBARD, OR",HUBBARD,OR,MARION
97907,"HUNTINGTON, OR",HUNTINGTON,OR,BAKER
97350,"IDANHA, OR",IDANHA,OR,MARION
97447,"IDLEYLD PARK, OR",IDLEYLD PARK,OR,DOUGLAS
97841,"IMBLER, OR",IMBLER,OR,UNION
97842,"IMNAHA, OR",IMNAHA,OR,WALLOWA
97351,"INDEPENDENCE, OR",INDEPENDENCE,OR,POLK
97843,"IONE, OR",IONE,OR,MORROW
97844,"IRRIGON, OR",IRRIGON,OR,MORROW
97530,"JACKSONVILLE, OR",JACKSONVILLE,OR,JACKSON
97909,"JAMIESON, OR",JAMIESON,OR,MALHEUR
97352,"JEFFERSON, OR",JEFFERSON,OR,MARION
97845,"JOHN DAY, OR",JOHN DAY,OR,GRANT
97910,"JORDAN VALLEY, OR",JORDAN VALLEY,OR,MALHEUR
97846,"JOSEPH, OR",JOSEPH,OR,WALLOWA
97448,"JUNCTION CITY, OR",JUNCTION CITY,OR,LANE
97911,"JUNTURA, OR",JUNTURA,OR,MALHEUR
97307,"KEIZER, OR",KEIZER,OR,MARION
97627,"KENO, OR",KENO,OR,KLAMATH
97033,"KENT, OR",KENT,OR,SHERMAN
97531,"KERBY, OR",KERBY,OR,JOSEPHINE
97848,"KIMBERLY, OR",KIMBERLY,OR,GRANT
97601,"KLAMATH FALLS, OR",KLAMATH FALLS,OR,KLAMATH
97602,"KLAMATH FALLS, OR",KLAMATH FALLS,OR,KLAMATH
97603,"KLAMATH FALLS, OR",KLAMATH FALLS,OR,KLAMATH
97850,"LA GRANDE, OR",LA GRANDE,OR,UNION
97739,"LA PINE, OR",LA PINE,OR,DESCHUTES
97127,"LAFAYETTE, OR",LAFAYETTE,OR,YAMHILL
97034,"LAKE OSWEGO, OR",LAKE OSWEGO,OR,CLACKAMAS
97035,"LAKE OSWEGO, OR",LAKE OSWEGO,OR,CLACKAMAS
97449,"LAKESIDE, OR",LAKESIDE,OR,COOS
97630,"LAKEVIEW, OR",LAKEVIEW,OR,LAKE
97450,"LANGLOIS, OR",LANGLOIS,OR,CURRY
97355,"LEBANON, OR",LEBANON,OR,LINN
97839,"LEXINGTON, OR",LEXINGTON,OR,MORROW
97367,"LINCOLN CITY, OR",LINCOLN CITY,OR,LINCOLN
97357,"LOGSDEN, OR",LOGSDEN,OR,LINCOLN
97856,"LONG CREEK, OR",LONG CREEK,OR,GRANT
97451,"LORANE, OR",LORANE,OR,LANE
97857,"LOSTINE, OR",LOSTINE,OR,WALLOWA
97452,"LOWELL, OR",LOWELL,OR,LANE
97358,"LYONS, OR",LYONS,OR,LINN
97741,"MADRAS, OR",MADRAS,OR,JEFFERSON
97632,"MALIN, OR",MALIN,OR,KLAMATH
97125,"MANNING, OR",MANNING,OR,WASHINGTON
97130,"MANZANITA, OR",MANZANITA,OR,TILLAMOOK
97453,"MAPLETON, OR",MAPLETON,OR,LANE
97454,"MARCOLA, OR",MARCOLA,OR,LANE
97036,"MARYLHURST, OR",MARYLHURST,OR,CLACKAMAS
97037,"MAUPIN, OR",MAUPIN,OR,WASCO
97128,"MCMINNVILLE, OR",MCMINNVILLE,OR,YAMHILL
97859,"MEACHAM, OR",MEACHAM,OR,UMATILLA
97501,"MEDFORD, OR",MEDFORD,OR,JACKSON
97504,"MEDFORD, OR",MEDFORD,OR,JACKSON
97384,"MEHAMA, OR",MEHAMA,OR,MARION
97532,"MERLIN, OR",MERLIN,OR,JOSEPHINE
97633,"MERRILL, OR",MERRILL,OR,KLAMATH
97634,"MIDLAND, OR",MIDLAND,OR,KLAMATH
97861,"MIKKALO, OR",MIKKALO,OR,GILLIAM
97360,"MILL CITY, OR",MILL CITY,OR,LINN
97862,"MILTON FREEWATER, OR",MILTON FREEWATER,OR,UMATILLA
97750,"MITCHELL, OR",MITCHELL,OR,WHEELER
97038,"MOLALLA, OR",MOLALLA,OR,CLACKAMAS
97361,"MONMOUTH, OR",MONMOUTH,OR,POLK
97456,"MONROE, OR",MONROE,OR,BENTON
97864,"MONUMENT, OR",MONUMENT,OR,GRANT
97039,"MORO, OR",MORO,OR,SHERMAN
97040,"MOSIER, OR",MOSIER,OR,WASCO
97362,"MOUNT ANGEL, OR",MOUNT ANGEL,OR,MARION
97041,"MOUNT HOOD PARKDALE, OR",MOUNT HOOD PARKDALE,OR,HOOD RIVER
97865,"MOUNT VERNON, OR",MOUNT VERNON,OR,GRANT
97042,"MULINO, OR",MULINO,OR,CLACKAMAS
97533,"MURPHY, OR",MURPHY,OR,JOSEPHINE
97457,"MYRTLE CREEK, OR",MYRTLE CREEK,OR,DOUGLAS
97458,"MYRTLE POINT, OR",MYRTLE POINT,OR,COOS
97131,"NEHALEM, OR",NEHALEM,OR,TILLAMOOK
97364,"NEOTSU, OR",NEOTSU,OR,LINCOLN
97149,"NESKOWIN, OR",NESKOWIN,OR,TILLAMOOK
97143,"NETARTS, OR",NETARTS,OR,TILLAMOOK
97635,"NEW PINE CREEK, OR",NEW PINE CREEK,OR,LAKE
97132,"NEWBERG, OR",NEWBERG,OR,YAMHILL
97365,"NEWPORT, OR",NEWPORT,OR,LINCOLN
97459,"NORTH BEND, OR",NORTH BEND,OR,COOS
97133,"NORTH PLAINS, OR",NORTH PLAINS,OR,WASHINGTON
97867,"NORTH POWDER, OR",NORTH POWDER,OR,UNION
97461,"NOTI, OR",NOTI,OR,LANE
97913,"NYSSA, OR",NYSSA,OR,MALHEUR
97534,"O BRIEN, OR",O BRIEN,OR,JOSEPHINE
97462,"OAKLAND, OR",OAKLAND,OR,DOUGLAS
97463,"OAKRIDGE, OR",OAKRIDGE,OR,LANE
97134,"OCEANSIDE, OR",OCEANSIDE,OR,TILLAMOOK
97044,"ODELL, OR",ODELL,OR,HOOD RIVER
97914,"ONTARIO, OR",ONTARIO,OR,MALHEUR
97464,"OPHIR, OR",OPHIR,OR,CURRY
97045,"OREGON CITY, OR",OREGON CITY,OR,CLACKAMAS
97368,"OTIS, OR",OTIS,OR,LINCOLN
97369,"OTTER ROCK, OR",OTTER ROCK,OR,LINCOLN
97840,"OXBOW, OR",OXBOW,OR,BAKER
97135,"PACIFIC CITY, OR",PACIFIC CITY,OR,TILLAMOOK
97636,"PAISLEY, OR",PAISLEY,OR,LAKE
97801,"PENDLETON, OR",PENDLETON,OR,UMATILLA
97370,"PHILOMATH, OR",PHILOMATH,OR,BENTON
97535,"PHOENIX, OR",PHOENIX,OR,JACKSON
97868,"PILOT ROCK, OR",PILOT ROCK,OR,UMATILLA
97455,"PLEASANT HILL, OR",PLEASANT HILL,OR,LANE
97637,"PLUSH, OR",PLUSH,OR,LAKE
97465,"PORT ORFORD, OR",PORT ORFORD,OR,CURRY
97222,"PORTLAND, OR",PORTLAND,OR,CLACKAMAS
97267,"PORTLAND, OR",PORTLAND,OR,CLACKAMAS
97268,"PORTLAND, OR",PORTLAND,OR,CLACKAMAS
97269,"PORTLAND, OR",PORTLAND,OR,CLACKAMAS
97201,"PORTLAND, OR",PORTLAND,OR,MULTNOMAH
97202,"PORTLAND, OR",PORTLAND,OR,MULTNOMAH
97203,"PORTLAND, OR",PORTLAND,OR,MULTNOMAH
97204,"PORTLAND, OR",PORTLAND,OR,MULTNOMAH
97205,"PORTLAND, OR",PORTLAND,OR,MULTNOMAH
97206,"PORTLAND, OR",PORTLAND,OR,MULTNOMAH
97207,"PORTLAND, OR",PORTLAND,OR,MULTNOMAH
97208,"PORTLAND, OR",PORTLAND,OR,MULTNOMAH
97209,"PORTLAND, OR",PORTLAND,OR,MULTNOMAH
97210,"PORTLAND, OR",PORTLAND,OR,MULTNOMAH
97211,"PORTLAND, OR",PORTLAND,OR,MULTNOMAH
97212,"PORTLAND, OR",PORTLAND,OR,MULTNOMAH
97213,"PORTLAND, OR",PORTLAND,OR,MULTNOMAH
97214,"PORTLAND, OR",PORTLAND,OR,MULTNOMAH
97215,"PORTLAND, OR",PORTLAND,OR,MULTNOMAH
97216,"PORTLAND, OR",PORTLAND,OR,MULTNOMAH
97217,"PORTLAND, OR",PORTLAND,OR,MULTNOMAH
97218,"PORTLAND, OR",PORTLAND,OR,MULTNOMAH
97219,"PORTLAND, OR",PORTLAND,OR,MULTNOMAH
97220,"PORTLAND, OR",PORTLAND,OR,MULTNOMAH
97221,"PORTLAND, OR",PORTLAND,OR,MULTNOMAH
97227,"PORTLAND, OR",PORTLAND,OR,MULTNOMAH
97228,"PORTLAND, OR",PORTLAND,OR,MULTNOMAH
97230,"PORTLAND, OR",PORTLAND,OR,MULTNOMAH
97231,"PORTLAND, OR",PORTLAND,OR,MULTNOMAH
97232,"PORTLAND, OR",PORTLAND,OR,MULTNOMAH
97233,"PORTLAND, OR",PORTLAND,OR,MULTNOMAH
97236,"PORTLAND, OR",PORTLAND,OR,MULTNOMAH
97238,"PORTLAND, OR",PORTLAND,OR,MULTNOMAH
97239,"PORTLAND, OR",PORTLAND,OR,MULTNOMAH
97240,"PORTLAND, OR",PORTLAND,OR,MULTNOMAH
97242,"PORTLAND, OR",PORTLAND,OR,MULTNOMAH
97256,"PORTLAND, OR",PORTLAND,OR,MULTNOMAH
97258,"PORTLAND, OR",PORTLAND,OR,MULTNOMAH
97266,"PORTLAND, OR",PORTLAND,OR,MULTNOMAH
97280,"PORTLAND, OR",PORTLAND,OR,MULTNOMAH
97282,"PORTLAND, OR",PORTLAND,OR,MULTNOMAH
97283,"PORTLAND, OR",PORTLAND,OR,MULTNOMAH
97286,"PORTLAND, OR",PORTLAND,OR,MULTNOMAH
97290,"PORTLAND, OR",PORTLAND,OR,MULTNOMAH
97292,"PORTLAND, OR",PORTLAND,OR,MULTNOMAH
97293,"PORTLAND, OR",PORTLAND,OR,MULTNOMAH
97294,"PORTLAND, OR",PORTLAND,OR,MULTNOMAH
97296,"PORTLAND, OR",PORTLAND,OR,MULTNOMAH
97223,"PORTLAND, OR",PORTLAND,OR,WASHINGTON
97224,"PORTLAND, OR",PORTLAND,OR,WASHINGTON
97225,"PORTLAND, OR",PORTLAND,OR,WASHINGTON
97229,"PORTLAND, OR",PORTLAND,OR,WASHINGTON
97281,"PORTLAND, OR",PORTLAND,OR,WASHINGTON
97291,"PORTLAND, OR",PORTLAND,OR,WASHINGTON
97298,"PORTLAND, OR",PORTLAND,OR,WASHINGTON
97752,"POST, OR",POST,OR,CROOK
97753,"POWELL BUTTE, OR",POWELL BUTTE,OR,CROOK
97466,"POWERS, OR",POWERS,OR,COOS
97869,"PRAIRIE CITY, OR",PRAIRIE CITY,OR,GRANT
97721,"PRINCETON, OR",PRINCETON,OR,HARNEY
97754,"PRINEVILLE, OR",PRINEVILLE,OR,CROOK
97536,"PROSPECT, OR",PROSPECT,OR,JACKSON
97048,"RAINIER, OR",RAINIER,OR,COLUMBIA
97756,"REDMOND, OR",REDMOND,OR,DESCHUTES
97467,"REEDSPORT, OR",REEDSPORT,OR,DOUGLAS
97049,"RHODODENDRON, OR",RHODODENDRON,OR,CLACKAMAS
97870,"RICHLAND, OR",RICHLAND,OR,BAKER
97371,"RICKREALL, OR",RICKREALL,OR,POLK
97469,"RIDDLE, OR",RIDDLE,OR,DOUGLAS
97758,"RILEY, OR",RILEY,OR,HARNEY
97136,"ROCKAWAY BEACH, OR",ROCKAWAY BEACH,OR,TILLAMOOK
97537,"ROGUE RIVER, OR",ROGUE RIVER,OR,JACKSON
97470,"ROSEBURG, OR",ROSEBURG,OR,DOUGLAS
97471,"ROSEBURG, OR",ROSEBURG,OR,DOUGLAS
97050,"RUFUS, OR",RUFUS,OR,SHERMAN
97373,"SAINT BENEDICT, OR",SAINT BENEDICT,OR,MARION
97051,"SAINT HELENS, OR",SAINT HELENS,OR,COLUMBIA
97137,"SAINT PAUL, OR",SAINT PAUL,OR,MARION
97301,"SALEM, OR",SALEM,OR,MARION
97302,"SALEM, OR",SALEM,OR,MARION
97303,"SALEM, OR",SALEM,OR,MARION
97305,"SALEM, OR",SALEM,OR,MARION
97306,"SALEM, OR",SALEM,OR,MARION
97308,"SALEM, OR",SALEM,OR,MARION
97309,"SALEM, OR",SALEM,OR,MARION
97310,"SALEM, OR",SALEM,OR,MARION
97312,"SALEM, OR",SALEM,OR,MARION
97314,"SALEM, OR",SALEM,OR,MARION
97317,"SALEM, OR",SALEM,OR,MARION
97304,"SALEM, OR",SALEM,OR,POLK
97055,"SANDY, OR",SANDY,OR,CLACKAMAS
97056,"SCAPPOOSE, OR",SCAPPOOSE,OR,COLUMBIA
97374,"SCIO, OR",SCIO,OR,LINN
97375,"SCOTTS MILLS, OR",SCOTTS MILLS,OR,MARION
97473,"SCOTTSBURG, OR",SCOTTSBURG,OR,DOUGLAS
97376,"SEAL ROCK, OR",SEAL ROCK,OR,LINCOLN
97138,"SEASIDE, OR",SEASIDE,OR,CLATSOP
97538,"SELMA, OR",SELMA,OR,JOSEPHINE
97873,"SENECA, OR",SENECA,OR,GRANT
97539,"SHADY COVE, OR",SHADY COVE,OR,JACKSON
97377,"SHEDD, OR",SHEDD,OR,LINN
97378,"SHERIDAN, OR",SHERIDAN,OR,YAMHILL
97140,"SHERWOOD, OR",SHERWOOD,OR,WASHINGTON
97380,"SILETZ, OR",SILETZ,OR,LINCOLN
97638,"SILVER LAKE, OR",SILVER LAKE,OR,LAKE
97381,"SILVERTON, OR",SILVERTON,OR,MARION
97759,"SISTERS, OR",SISTERS,OR,DESCHUTES
97476,"SIXES, OR",SIXES,OR,CURRY
97366,"SOUTH BEACH, OR",SOUTH BEACH,OR,LINCOLN
97639,"SPRAGUE RIVER, OR",SPRAGUE RIVER,OR,KLAMATH
97874,"SPRAY, OR",SPRAY,OR,WHEELER
97475,"SPRINGFIELD, OR",SPRINGFIELD,OR,LANE
97477,"SPRINGFIELD, OR",SPRINGFIELD,OR,LANE
97478,"SPRINGFIELD, OR",SPRINGFIELD,OR,LANE
97875,"STANFIELD, OR",STANFIELD,OR,UMATILLA
97383,"STAYTON, OR",STAYTON,OR,MARION
97385,"SUBLIMITY, OR",SUBLIMITY,OR,MARION
97640,"SUMMER LAKE, OR",SUMMER LAKE,OR,LAKE
97876,"SUMMERVILLE, OR",SUMMERVILLE,OR,UNION
97877,"SUMPTER, OR",SUMPTER,OR,BAKER
97479,"SUTHERLIN, OR",SUTHERLIN,OR,DOUGLAS
97386,"SWEET HOME, OR",SWEET HOME,OR,LINN
97480,"SWISSHOME, OR",SWISSHOME,OR,LANE
97540,"TALENT, OR",TALENT,OR,JACKSON
97389,"TANGENT, OR",TANGENT,OR,LINN
97481,"TENMILE, OR",TENMILE,OR,DOUGLAS
97760,"TERREBONNE, OR",TERREBONNE,OR,JEFFERSON
97058,"THE DALLES, OR",THE DALLES,OR,WASCO
97390,"TIDEWATER, OR",TIDEWATER,OR,LINCOLN
97141,"TILLAMOOK, OR",TILLAMOOK,OR,TILLAMOOK
97484,"TILLER, OR",TILLER,OR,DOUGLAS
97144,"TIMBER, OR",TIMBER,OR,WASHINGTON
97391,"TOLEDO, OR",TOLEDO,OR,LINCOLN
97145,"TOLOVANA PARK, OR",TOLOVANA PARK,OR,CLATSOP
97541,"TRAIL, OR",TRAIL,OR,JACKSON
97060,"TROUTDALE, OR",TROUTDALE,OR,MULTNOMAH
97062,"TUALATIN, OR",TUALATIN,OR,WASHINGTON
97392,"TURNER, OR",TURNER,OR,MARION
97063,"TYGH VALLEY, OR",TYGH VALLEY,OR,WASCO
97880,"UKIAH, OR",UKIAH,OR,UMATILLA
97882,"UMATILLA, OR",UMATILLA,OR,UMATILLA
97486,"UMPQUA, OR",UMPQUA,OR,DOUGLAS
97883,"UNION, OR",UNION,OR,UNION
97884,"UNITY, OR",UNITY,OR,BAKER
97918,"VALE, OR",VALE,OR,MALHEUR
97487,"VENETA, OR",VENETA,OR,LANE
97064,"VERNONIA, OR",VERNONIA,OR,COLUMBIA
97488,"VIDA, OR",VIDA,OR,LANE
97394,"WALDPORT, OR",WALDPORT,OR,LINCOLN
97885,"WALLOWA, OR",WALLOWA,OR,WALLOWA
97489,"WALTERVILLE, OR",WALTERVILLE,OR,LANE
97490,"WALTON, OR",WALTON,OR,LANE
97761,"WARM SPRINGS, OR",WARM SPRINGS,OR,JEFFERSON
97053,"WARREN, OR",WARREN,OR,COLUMBIA
97146,"WARRENTON, OR",WARRENTON,OR,CLATSOP
97065,"WASCO, OR",WASCO,OR,SHERMAN
97491,"WEDDERBURN, OR",WEDDERBURN,OR,CURRY
97067,"WELCHES, OR",WELCHES,OR,CLACKAMAS
97068,"WEST LINN, OR",WEST LINN,OR,CLACKAMAS
97920,"WESTFALL, OR",WESTFALL,OR,MALHEUR
97492,"WESTFIR, OR",WESTFIR,OR,LANE
97493,"WESTLAKE, OR",WESTLAKE,OR,LANE
97886,"WESTON, OR",WESTON,OR,UMATILLA
97147,"WHEELER, OR",WHEELER,OR,TILLAMOOK
97503,"WHITE CITY, OR",WHITE CITY,OR,JACKSON
97494,"WILBUR, OR",WILBUR,OR,DOUGLAS
97543,"WILDERVILLE, OR",WILDERVILLE,OR,JOSEPHINE
97396,"WILLAMINA, OR",WILLAMINA,OR,YAMHILL
97544,"WILLIAMS, OR",WILLIAMS,OR,JOSEPHINE
97070,"WILSONVILLE, OR",WILSONVILLE,OR,CLACKAMAS
97495,"WINCHESTER, OR",WINCHESTER,OR,DOUGLAS
97496,"WINSTON, OR",WINSTON,OR,DOUGLAS
97497,"WOLF CREEK, OR",WOLF CREEK,OR,JOSEPHINE
97071,"WOODBURN, OR",WOODBURN,OR,MARION
97498,"YACHATS, OR",YACHATS,OR,LINCOLN
97148,"YAMHILL, OR",YAMHILL,OR,YAMHILL
97499,"YONCALLA, OR",YONCALLA,OR,DOUGLAS
,,,,
,,,,
"For more information, kindly visit : www.downloadexcelfiles.com",,,,
